session-id,date,code type
4afqwk47,2026-04-23,basic all_N08_N04
wpirzidq,2026-04-24,basic all_N08_N04
pu0nod56,2026-05-04,basic all_N08_N04
hvxq7wo0,2026-05-05,N08_N04_Aonly
9x0sbnrq,2026-05-08,N08_N04_Aonly
vd6gpzw1,2026-05-09,N08_N04_Aonly
t70xghbx,2026-05-12,basic all_N08_N04
j9pd1jfe,2026-05-13,basic all_N08_N04
dikotn5e,2026-05-16,N08_N04_Aonly
wis4dde1,2026-05-17,N08_N04_Aonly
tkrbkviy,2026-05-19,N08_N04_Aonly
tlbdf8n9,2026-05-20,N08_N04_Aonly
9ovfq5hj,2026-05-21,N08_N04_Aonly
ahrup1ic,2026-05-26,N08_N04_Aonly