p_anti,joined_neigh,pos_group_id,neg_group_id
0.5,p50_01,2,24
0.5,p50_02,8,20
0.5,p50_03,25,17
0.5,p50_04,23,19
0.5,p50_05,22,14
0.5,p50_06,21,9
0.5,p50_07,18,27
0.5,p50_08,15,32
0.5,p50_09,13,56
0.5,p50_10,12,57
0.5,p50_11,11,127
0.5,p50_12,10,147
0.5,p50_13,16,143
0.5,p50_14,30,140
0.5,p50_15,28,138
0.0,p00_01,34,36
0.0,p00_02,38,33
0.0,p00_03,37,31
0.0,p00_04,35,53
0.0,p00_05,39,51
0.0,p00_06,29,49
0.0,p00_07,40,47
0.0,p00_08,41,58
0.0,p00_09,42,59
0.0,p00_10,43,62
1.0,p100_01,81,76
1.0,p100_02,82,75
1.0,p100_03,83,74
1.0,p100_04,92,78
1.0,p100_05,95,96
1.0,p100_06,93,94
1.0,p100_07,91,101
1.0,p100_08,85,117
1.0,p100_09,89,125
1.0,p100_10,88,126
1.0,p100_11,87,128
1.0,p100_12,86,142
1.0,p100_13,90,139
1.0,p100_14,108,141
99.0,p99_01,112,114
99.0,p99_02,111,113
99.0,p99_03,109,107
99.0,p99_04,106,103
99.0,p99_05,104,116
99.0,p99_06,100,123
99.0,p99_07,99,134
99.0,p99_08,97,135
99.0,p99_09,115,136
99.0,p99_10,124,137
99.0,p99_11,122,150
99.0,p99_12,120,152
99.0,p99_13,119,156
99.0,p99_14,121,154
