session_code,participant_id_in_session,participant_code,page_index,app_name,page_name,epoch_time_completed,round_number,timeout_happened,is_wait_page
kvceqcyo,1,zt0ntmtx,0,,InitializeParticipant,1770673026,1,0,0
kvceqcyo,1,zt0ntmtx,1,presurvey,Introduction,1770673063,1,0,0
kvceqcyo,1,zt0ntmtx,2,presurvey,AudioCheck,1770673099,1,0,0
kvceqcyo,2,d3o6vnx6,0,,InitializeParticipant,1770673114,1,0,0
kvceqcyo,2,d3o6vnx6,1,presurvey,Introduction,1770673135,1,0,0
kvceqcyo,2,d3o6vnx6,2,presurvey,AudioCheck,1770673167,1,0,0
kvceqcyo,2,d3o6vnx6,3,presurvey,Demographics,1770673183,1,0,0
kvceqcyo,2,d3o6vnx6,4,presurvey,NeighborhoodInstruction,1770673199,1,0,0
kvceqcyo,1,zt0ntmtx,3,presurvey,Demographics,1770673213,1,0,0
kvceqcyo,2,d3o6vnx6,5,presurvey,Training,1770673241,1,0,0
kvceqcyo,3,hadtmmry,0,,InitializeParticipant,1770673242,1,0,0
kvceqcyo,3,hadtmmry,1,presurvey,Introduction,1770673275,1,0,0
kvceqcyo,2,d3o6vnx6,6,presurvey,TrainingNeighbor_1,1770673277,1,0,0
kvceqcyo,2,d3o6vnx6,10,presurvey,ExperimentInstruction,1770673284,1,0,0
kvceqcyo,3,hadtmmry,2,presurvey,AudioCheck,1770673299,1,0,0
kvceqcyo,3,hadtmmry,3,presurvey,Demographics,1770673321,1,0,0
kvceqcyo,2,d3o6vnx6,11,presurvey,Scenario,1770673340,1,0,0
kvceqcyo,1,zt0ntmtx,4,presurvey,NeighborhoodInstruction,1770673343,1,0,0
kvceqcyo,3,hadtmmry,4,presurvey,NeighborhoodInstruction,1770673353,1,0,0
kvceqcyo,2,d3o6vnx6,12,presurvey,Commitment,1770673373,1,0,0
kvceqcyo,3,hadtmmry,5,presurvey,Training,1770673388,1,0,0
kvceqcyo,3,hadtmmry,6,presurvey,TrainingNeighbor_1,1770673447,1,0,0
kvceqcyo,3,hadtmmry,10,presurvey,ExperimentInstruction,1770673455,1,0,0
kvceqcyo,4,d8cigy9c,0,,InitializeParticipant,1770673480,1,0,0
kvceqcyo,1,zt0ntmtx,5,presurvey,Training,1770673482,1,0,0
kvceqcyo,4,d8cigy9c,1,presurvey,Introduction,1770673486,1,0,0
kvceqcyo,3,hadtmmry,11,presurvey,Scenario,1770673498,1,0,0
kvceqcyo,4,d8cigy9c,2,presurvey,AudioCheck,1770673498,1,0,0
kvceqcyo,4,d8cigy9c,3,presurvey,Demographics,1770673514,1,0,0
kvceqcyo,4,d8cigy9c,4,presurvey,NeighborhoodInstruction,1770673522,1,0,0
kvceqcyo,4,d8cigy9c,5,presurvey,Training,1770673532,1,0,0
kvceqcyo,1,zt0ntmtx,6,presurvey,TrainingNeighbor_1,1770673536,1,0,0
kvceqcyo,3,hadtmmry,12,presurvey,Commitment,1770673545,1,0,0
kvceqcyo,1,zt0ntmtx,10,presurvey,ExperimentInstruction,1770673556,1,0,0
kvceqcyo,4,d8cigy9c,6,presurvey,TrainingNeighbor_1,1770673559,1,0,0
kvceqcyo,4,d8cigy9c,10,presurvey,ExperimentInstruction,1770673567,1,0,0
kvceqcyo,4,d8cigy9c,11,presurvey,Scenario,1770673592,1,0,0
kvceqcyo,4,d8cigy9c,12,presurvey,Commitment,1770673615,1,0,0
kvceqcyo,1,zt0ntmtx,11,presurvey,Scenario,1770673797,1,0,0
kvceqcyo,5,8nlrdz2x,0,,InitializeParticipant,1770674099,1,0,0
kvceqcyo,5,8nlrdz2x,1,presurvey,Introduction,1770674135,1,0,0
kvceqcyo,5,8nlrdz2x,2,presurvey,AudioCheck,1770674178,1,0,0
kvceqcyo,5,8nlrdz2x,3,presurvey,Demographics,1770674198,1,0,0
kvceqcyo,5,8nlrdz2x,4,presurvey,NeighborhoodInstruction,1770674290,1,0,0
kvceqcyo,5,8nlrdz2x,5,presurvey,Training,1770674337,1,0,0
kvceqcyo,5,8nlrdz2x,6,presurvey,TrainingNeighbor_1,1770674396,1,0,0
kvceqcyo,6,hse61wa8,0,,InitializeParticipant,1770674410,1,0,0
kvceqcyo,5,8nlrdz2x,7,presurvey,TrainingNeighbor_2,1770674433,1,0,0
kvceqcyo,5,8nlrdz2x,10,presurvey,ExperimentInstruction,1770674458,1,0,0
kvceqcyo,5,8nlrdz2x,11,presurvey,Scenario,1770674528,1,0,0
kvceqcyo,7,zg8k9que,0,,InitializeParticipant,1770674552,1,0,0
kvceqcyo,8,xkpsug0k,0,,InitializeParticipant,1770674555,1,0,0
kvceqcyo,8,xkpsug0k,1,presurvey,Introduction,1770674559,1,0,0
kvceqcyo,8,xkpsug0k,2,presurvey,AudioCheck,1770674573,1,0,0
kvceqcyo,5,8nlrdz2x,12,presurvey,Commitment,1770674582,1,0,0
kvceqcyo,7,zg8k9que,1,presurvey,Introduction,1770674582,1,0,0
kvceqcyo,8,xkpsug0k,3,presurvey,Demographics,1770674589,1,0,0
kvceqcyo,8,xkpsug0k,4,presurvey,NeighborhoodInstruction,1770674596,1,0,0
kvceqcyo,7,zg8k9que,2,presurvey,AudioCheck,1770674598,1,0,0
kvceqcyo,8,xkpsug0k,5,presurvey,Training,1770674613,1,0,0
kvceqcyo,7,zg8k9que,3,presurvey,Demographics,1770674616,1,0,0
kvceqcyo,8,xkpsug0k,6,presurvey,TrainingNeighbor_1,1770674629,1,0,0
kvceqcyo,8,xkpsug0k,7,presurvey,TrainingNeighbor_2,1770674635,1,0,0
kvceqcyo,8,xkpsug0k,10,presurvey,ExperimentInstruction,1770674638,1,0,0
kvceqcyo,7,zg8k9que,4,presurvey,NeighborhoodInstruction,1770674641,1,0,0
kvceqcyo,8,xkpsug0k,11,presurvey,Scenario,1770674671,1,0,0
kvceqcyo,7,zg8k9que,5,presurvey,Training,1770674674,1,0,0
kvceqcyo,7,zg8k9que,6,presurvey,TrainingNeighbor_1,1770674706,1,0,0
kvceqcyo,8,xkpsug0k,12,presurvey,Commitment,1770674708,1,0,0
kvceqcyo,7,zg8k9que,10,presurvey,ExperimentInstruction,1770674720,1,0,0
kvceqcyo,7,zg8k9que,11,presurvey,Scenario,1770674752,1,0,0
kvceqcyo,4,d8cigy9c,13,mock_N08_N04_Aonly,GroupingWaitPage,1770674759,1,0,1
kvceqcyo,4,d8cigy9c,14,mock_N08_N04_Aonly,GroupSizeWaitPage,1770674760,1,0,1
kvceqcyo,4,d8cigy9c,15,mock_N08_N04_Aonly,AttentionCheck,1770674765,1,0,0
kvceqcyo,9,fsbsxzey,0,,InitializeParticipant,1770675004,1,0,0
kvceqcyo,9,fsbsxzey,1,presurvey,Introduction,1770675027,1,0,0
kvceqcyo,9,fsbsxzey,2,presurvey,AudioCheck,1770675074,1,0,0
kvceqcyo,9,fsbsxzey,3,presurvey,Demographics,1770675089,1,0,0
kvceqcyo,5,8nlrdz2x,13,mock_N08_N04_Aonly,GroupingWaitPage,1770675791,1,0,1
kvceqcyo,5,8nlrdz2x,14,mock_N08_N04_Aonly,GroupSizeWaitPage,1770675791,1,0,1
kvceqcyo,9,fsbsxzey,4,presurvey,NeighborhoodInstruction,1770675808,1,0,0
kvceqcyo,5,8nlrdz2x,15,mock_N08_N04_Aonly,AttentionCheck,1770675813,1,0,0
kvceqcyo,8,xkpsug0k,13,mock_N08_N04_Aonly,GroupingWaitPage,1770675864,1,0,1
kvceqcyo,8,xkpsug0k,14,mock_N08_N04_Aonly,GroupSizeWaitPage,1770675865,1,0,1
kvceqcyo,8,xkpsug0k,15,mock_N08_N04_Aonly,AttentionCheck,1770675871,1,0,0
kvceqcyo,9,fsbsxzey,5,presurvey,Training,1770676145,1,0,0
kvceqcyo,9,fsbsxzey,6,presurvey,TrainingNeighbor_1,1770676176,1,0,0
kvceqcyo,9,fsbsxzey,7,presurvey,TrainingNeighbor_2,1770676180,1,0,0
kvceqcyo,9,fsbsxzey,10,presurvey,ExperimentInstruction,1770676216,1,0,0
kvceqcyo,9,fsbsxzey,11,presurvey,Scenario,1770676297,1,0,0
kvceqcyo,9,fsbsxzey,12,presurvey,Commitment,1770676357,1,0,0
kvceqcyo,10,nyg1ru9d,0,,InitializeParticipant,1770680135,1,0,0
kvceqcyo,11,rghp1hm4,0,,InitializeParticipant,1770680135,1,0,0
kvceqcyo,10,nyg1ru9d,1,presurvey,Introduction,1770680175,1,0,0
kvceqcyo,12,i4iwjr46,0,,InitializeParticipant,1770680196,1,0,0
kvceqcyo,12,i4iwjr46,1,presurvey,Introduction,1770680209,1,0,0
kvceqcyo,10,nyg1ru9d,2,presurvey,AudioCheck,1770680210,1,0,0
kvceqcyo,10,nyg1ru9d,3,presurvey,Demographics,1770680222,1,0,0
kvceqcyo,12,i4iwjr46,2,presurvey,AudioCheck,1770680230,1,0,0
kvceqcyo,10,nyg1ru9d,4,presurvey,NeighborhoodInstruction,1770680244,1,0,0
kvceqcyo,12,i4iwjr46,3,presurvey,Demographics,1770680262,1,0,0
kvceqcyo,10,nyg1ru9d,5,presurvey,Training,1770680271,1,0,0
kvceqcyo,12,i4iwjr46,4,presurvey,NeighborhoodInstruction,1770680293,1,0,0
kvceqcyo,10,nyg1ru9d,6,presurvey,TrainingNeighbor_1,1770680315,1,0,0
kvceqcyo,10,nyg1ru9d,10,presurvey,ExperimentInstruction,1770680323,1,0,0
kvceqcyo,12,i4iwjr46,5,presurvey,Training,1770680333,1,0,0
kvceqcyo,10,nyg1ru9d,11,presurvey,Scenario,1770680348,1,0,0
kvceqcyo,10,nyg1ru9d,12,presurvey,Commitment,1770680378,1,0,0
kvceqcyo,12,i4iwjr46,6,presurvey,TrainingNeighbor_1,1770680413,1,0,0
kvceqcyo,12,i4iwjr46,10,presurvey,ExperimentInstruction,1770680419,1,0,0
kvceqcyo,12,i4iwjr46,11,presurvey,Scenario,1770680486,1,0,0
kvceqcyo,13,voq7uc9d,0,,InitializeParticipant,1770680488,1,0,0
kvceqcyo,13,voq7uc9d,1,presurvey,Introduction,1770680491,1,0,0
kvceqcyo,13,voq7uc9d,2,presurvey,AudioCheck,1770680540,1,0,0
kvceqcyo,14,ayzs5cyr,0,,InitializeParticipant,1770680939,1,0,0
kvceqcyo,14,ayzs5cyr,1,presurvey,Introduction,1770680942,1,0,0
kvceqcyo,14,ayzs5cyr,2,presurvey,AudioCheck,1770680952,1,0,0
kvceqcyo,14,ayzs5cyr,3,presurvey,Demographics,1770680962,1,0,0
kvceqcyo,14,ayzs5cyr,4,presurvey,NeighborhoodInstruction,1770680968,1,0,0
kvceqcyo,14,ayzs5cyr,5,presurvey,Training,1770680976,1,0,0
kvceqcyo,14,ayzs5cyr,6,presurvey,TrainingNeighbor_1,1770680995,1,0,0
kvceqcyo,14,ayzs5cyr,7,presurvey,TrainingNeighbor_2,1770681005,1,0,0
kvceqcyo,14,ayzs5cyr,10,presurvey,ExperimentInstruction,1770681008,1,0,0
kvceqcyo,14,ayzs5cyr,11,presurvey,Scenario,1770681035,1,0,0
kvceqcyo,14,ayzs5cyr,12,presurvey,Commitment,1770681044,1,0,0
kvceqcyo,15,cle3ztyv,0,,InitializeParticipant,1770681372,1,0,0
kvceqcyo,15,cle3ztyv,1,presurvey,Introduction,1770681379,1,0,0
kvceqcyo,15,cle3ztyv,2,presurvey,AudioCheck,1770681414,1,0,0
kvceqcyo,15,cle3ztyv,3,presurvey,Demographics,1770681429,1,0,0
kvceqcyo,15,cle3ztyv,4,presurvey,NeighborhoodInstruction,1770681444,1,0,0
kvceqcyo,15,cle3ztyv,5,presurvey,Training,1770681464,1,0,0
kvceqcyo,15,cle3ztyv,6,presurvey,TrainingNeighbor_1,1770681509,1,0,0
kvceqcyo,15,cle3ztyv,7,presurvey,TrainingNeighbor_2,1770681517,1,0,0
kvceqcyo,15,cle3ztyv,8,presurvey,AttentionCheck,1770681525,1,0,0
kvceqcyo,15,cle3ztyv,9,presurvey,TrainingNeighbor_3,1770681598,1,0,0
kvceqcyo,16,kf1dqcla,0,,InitializeParticipant,1770681832,1,0,0
kvceqcyo,16,kf1dqcla,1,presurvey,Introduction,1770681836,1,0,0
kvceqcyo,16,kf1dqcla,2,presurvey,AudioCheck,1770681852,1,0,0
kvceqcyo,16,kf1dqcla,3,presurvey,Demographics,1770681867,1,0,0
kvceqcyo,16,kf1dqcla,4,presurvey,NeighborhoodInstruction,1770681883,1,0,0
kvceqcyo,16,kf1dqcla,5,presurvey,Training,1770681891,1,0,0
kvceqcyo,17,r82kc9hy,0,,InitializeParticipant,1770681895,1,0,0
kvceqcyo,17,r82kc9hy,1,presurvey,Introduction,1770681920,1,0,0
kvceqcyo,16,kf1dqcla,6,presurvey,TrainingNeighbor_1,1770681923,1,0,0
kvceqcyo,18,x4we91lm,0,,InitializeParticipant,1770681926,1,0,0
kvceqcyo,16,kf1dqcla,10,presurvey,ExperimentInstruction,1770681926,1,0,0
kvceqcyo,19,0lmeram9,0,,InitializeParticipant,1770681929,1,0,0
kvceqcyo,18,x4we91lm,1,presurvey,Introduction,1770681931,1,0,0
kvceqcyo,17,r82kc9hy,2,presurvey,AudioCheck,1770681939,1,0,0
kvceqcyo,19,0lmeram9,1,presurvey,Introduction,1770681952,1,0,0
kvceqcyo,16,kf1dqcla,11,presurvey,Scenario,1770681953,1,0,0
kvceqcyo,17,r82kc9hy,3,presurvey,Demographics,1770681959,1,0,0
kvceqcyo,18,x4we91lm,2,presurvey,AudioCheck,1770681970,1,0,0
kvceqcyo,20,r525eocg,0,,InitializeParticipant,1770681972,1,0,0
kvceqcyo,20,r525eocg,1,presurvey,Introduction,1770681979,1,0,0
kvceqcyo,17,r82kc9hy,4,presurvey,NeighborhoodInstruction,1770681985,1,0,0
kvceqcyo,18,x4we91lm,3,presurvey,Demographics,1770681992,1,0,0
kvceqcyo,21,sdlek05u,0,,InitializeParticipant,1770682013,1,0,0
kvceqcyo,17,r82kc9hy,5,presurvey,Training,1770682017,1,0,0
kvceqcyo,18,x4we91lm,4,presurvey,NeighborhoodInstruction,1770682036,1,0,0
kvceqcyo,17,r82kc9hy,6,presurvey,TrainingNeighbor_1,1770682061,1,0,0
kvceqcyo,21,sdlek05u,1,presurvey,Introduction,1770682069,1,0,0
kvceqcyo,17,r82kc9hy,10,presurvey,ExperimentInstruction,1770682070,1,0,0
kvceqcyo,21,sdlek05u,2,presurvey,AudioCheck,1770682090,1,0,0
kvceqcyo,18,x4we91lm,5,presurvey,Training,1770682098,1,0,0
kvceqcyo,21,sdlek05u,3,presurvey,Demographics,1770682103,1,0,0
kvceqcyo,17,r82kc9hy,11,presurvey,Scenario,1770682108,1,0,0
kvceqcyo,21,sdlek05u,4,presurvey,NeighborhoodInstruction,1770682128,1,0,0
kvceqcyo,17,r82kc9hy,12,presurvey,Commitment,1770682160,1,0,0
kvceqcyo,21,sdlek05u,5,presurvey,Training,1770682165,1,0,0
kvceqcyo,21,sdlek05u,6,presurvey,TrainingNeighbor_1,1770682194,1,0,0
kvceqcyo,21,sdlek05u,10,presurvey,ExperimentInstruction,1770682197,1,0,0
kvceqcyo,22,aciizd1v,0,,InitializeParticipant,1770682203,1,0,0
kvceqcyo,23,bh6u0l2t,0,,InitializeParticipant,1770682204,1,0,0
kvceqcyo,22,aciizd1v,1,presurvey,Introduction,1770682211,1,0,0
kvceqcyo,24,61omcovp,0,,InitializeParticipant,1770682216,1,0,0
kvceqcyo,24,61omcovp,1,presurvey,Introduction,1770682221,1,0,0
kvceqcyo,21,sdlek05u,11,presurvey,Scenario,1770682224,1,0,0
kvceqcyo,22,aciizd1v,2,presurvey,AudioCheck,1770682227,1,0,0
kvceqcyo,22,aciizd1v,3,presurvey,Demographics,1770682237,1,0,0
kvceqcyo,14,ayzs5cyr,13,mock_N08_N04_Aonly,GroupingWaitPage,1770682244,1,0,1
kvceqcyo,14,ayzs5cyr,14,mock_N08_N04_Aonly,GroupSizeWaitPage,1770682245,1,0,1
kvceqcyo,24,61omcovp,2,presurvey,AudioCheck,1770682245,1,0,0
kvceqcyo,22,aciizd1v,4,presurvey,NeighborhoodInstruction,1770682251,1,0,0
kvceqcyo,14,ayzs5cyr,15,mock_N08_N04_Aonly,AttentionCheck,1770682253,1,0,0
kvceqcyo,24,61omcovp,3,presurvey,Demographics,1770682261,1,0,0
kvceqcyo,21,sdlek05u,12,presurvey,Commitment,1770682267,1,0,0
kvceqcyo,22,aciizd1v,5,presurvey,Training,1770682271,1,0,0
kvceqcyo,23,bh6u0l2t,1,presurvey,Introduction,1770682286,1,0,0
kvceqcyo,22,aciizd1v,6,presurvey,TrainingNeighbor_1,1770682293,1,0,0
kvceqcyo,24,61omcovp,4,presurvey,NeighborhoodInstruction,1770682298,1,0,0
kvceqcyo,22,aciizd1v,10,presurvey,ExperimentInstruction,1770682301,1,0,0
kvceqcyo,23,bh6u0l2t,2,presurvey,AudioCheck,1770682315,1,0,0
kvceqcyo,23,bh6u0l2t,3,presurvey,Demographics,1770682336,1,0,0
kvceqcyo,22,aciizd1v,11,presurvey,Scenario,1770682336,1,0,0
kvceqcyo,24,61omcovp,5,presurvey,Training,1770682341,1,0,0
kvceqcyo,22,aciizd1v,12,presurvey,Commitment,1770682353,1,0,0
kvceqcyo,25,0q9xemm0,0,,InitializeParticipant,1770682372,1,0,0
kvceqcyo,23,bh6u0l2t,4,presurvey,NeighborhoodInstruction,1770682380,1,0,0
kvceqcyo,24,61omcovp,6,presurvey,TrainingNeighbor_1,1770682396,1,0,0
kvceqcyo,25,0q9xemm0,1,presurvey,Introduction,1770682401,1,0,0
kvceqcyo,24,61omcovp,10,presurvey,ExperimentInstruction,1770682404,1,0,0
kvceqcyo,25,0q9xemm0,2,presurvey,AudioCheck,1770682420,1,0,0
kvceqcyo,25,0q9xemm0,3,presurvey,Demographics,1770682431,1,0,0
kvceqcyo,24,61omcovp,11,presurvey,Scenario,1770682443,1,0,0
kvceqcyo,25,0q9xemm0,4,presurvey,NeighborhoodInstruction,1770682446,1,0,0
kvceqcyo,19,0lmeram9,2,presurvey,AudioCheck,1770682459,1,0,0
kvceqcyo,23,bh6u0l2t,5,presurvey,Training,1770682462,1,0,0
kvceqcyo,25,0q9xemm0,5,presurvey,Training,1770682474,1,0,0
kvceqcyo,23,bh6u0l2t,6,presurvey,TrainingNeighbor_1,1770682502,1,0,0
kvceqcyo,25,0q9xemm0,6,presurvey,TrainingNeighbor_1,1770682504,1,0,0
kvceqcyo,25,0q9xemm0,10,presurvey,ExperimentInstruction,1770682510,1,0,0
kvceqcyo,23,bh6u0l2t,10,presurvey,ExperimentInstruction,1770682523,1,0,0
kvceqcyo,25,0q9xemm0,11,presurvey,Scenario,1770682537,1,0,0
kvceqcyo,23,bh6u0l2t,11,presurvey,Scenario,1770682575,1,0,0
kvceqcyo,23,bh6u0l2t,12,presurvey,Commitment,1770682635,1,0,0
kvceqcyo,26,kgp2t08l,0,,InitializeParticipant,1770682791,1,0,0
kvceqcyo,26,kgp2t08l,1,presurvey,Introduction,1770682852,1,0,0
kvceqcyo,27,7e03x73i,0,,InitializeParticipant,1770682868,1,0,0
kvceqcyo,26,kgp2t08l,2,presurvey,AudioCheck,1770682868,1,0,0
kvceqcyo,27,7e03x73i,1,presurvey,Introduction,1770682875,1,0,0
kvceqcyo,26,kgp2t08l,3,presurvey,Demographics,1770682884,1,0,0
kvceqcyo,27,7e03x73i,2,presurvey,AudioCheck,1770682902,1,0,0
kvceqcyo,26,kgp2t08l,4,presurvey,NeighborhoodInstruction,1770682914,1,0,0
kvceqcyo,27,7e03x73i,3,presurvey,Demographics,1770682916,1,0,0
kvceqcyo,27,7e03x73i,4,presurvey,NeighborhoodInstruction,1770682926,1,0,0
kvceqcyo,26,kgp2t08l,5,presurvey,Training,1770682955,1,0,0
kvceqcyo,27,7e03x73i,5,presurvey,Training,1770682956,1,0,0
kvceqcyo,27,7e03x73i,6,presurvey,TrainingNeighbor_1,1770682978,1,0,0
kvceqcyo,26,kgp2t08l,6,presurvey,TrainingNeighbor_1,1770682979,1,0,0
kvceqcyo,27,7e03x73i,10,presurvey,ExperimentInstruction,1770682990,1,0,0
kvceqcyo,26,kgp2t08l,10,presurvey,ExperimentInstruction,1770682994,1,0,0
kvceqcyo,27,7e03x73i,11,presurvey,Scenario,1770683033,1,0,0
kvceqcyo,27,7e03x73i,12,presurvey,Commitment,1770683051,1,0,0
kvceqcyo,26,kgp2t08l,11,presurvey,Scenario,1770683055,1,0,0
kvceqcyo,28,18gp7lbd,0,,InitializeParticipant,1770683123,1,0,0
kvceqcyo,29,rjcjrxkx,0,,InitializeParticipant,1770683135,1,0,0
kvceqcyo,28,18gp7lbd,1,presurvey,Introduction,1770683136,1,0,0
kvceqcyo,29,rjcjrxkx,1,presurvey,Introduction,1770683146,1,0,0
kvceqcyo,29,rjcjrxkx,2,presurvey,AudioCheck,1770683162,1,0,0
kvceqcyo,29,rjcjrxkx,3,presurvey,Demographics,1770683178,1,0,0
kvceqcyo,29,rjcjrxkx,4,presurvey,NeighborhoodInstruction,1770683192,1,0,0
kvceqcyo,28,18gp7lbd,2,presurvey,AudioCheck,1770683201,1,0,0
kvceqcyo,29,rjcjrxkx,5,presurvey,Training,1770683225,1,0,0
kvceqcyo,28,18gp7lbd,3,presurvey,Demographics,1770683230,1,0,0
kvceqcyo,29,rjcjrxkx,6,presurvey,TrainingNeighbor_1,1770683252,1,0,0
kvceqcyo,29,rjcjrxkx,10,presurvey,ExperimentInstruction,1770683259,1,0,0
kvceqcyo,29,rjcjrxkx,11,presurvey,Scenario,1770683284,1,0,0
kvceqcyo,17,r82kc9hy,13,mock_N08_N04_Aonly,GroupingWaitPage,1770683303,1,0,1
kvceqcyo,17,r82kc9hy,14,mock_N08_N04_Aonly,GroupSizeWaitPage,1770683304,1,0,1
kvceqcyo,17,r82kc9hy,15,mock_N08_N04_Aonly,AttentionCheck,1770683313,1,0,0
kvceqcyo,30,8alo25qt,0,,InitializeParticipant,1770683315,1,0,0
kvceqcyo,30,8alo25qt,1,presurvey,Introduction,1770683318,1,0,0
kvceqcyo,30,8alo25qt,2,presurvey,AudioCheck,1770683335,1,0,0
kvceqcyo,28,18gp7lbd,4,presurvey,NeighborhoodInstruction,1770683345,1,0,0
kvceqcyo,30,8alo25qt,3,presurvey,Demographics,1770683349,1,0,0
kvceqcyo,31,2s248uds,0,,InitializeParticipant,1770683357,1,0,0
kvceqcyo,30,8alo25qt,4,presurvey,NeighborhoodInstruction,1770683363,1,0,0
kvceqcyo,30,8alo25qt,5,presurvey,Training,1770683388,1,0,0
kvceqcyo,21,sdlek05u,13,mock_N08_N04_Aonly,GroupingWaitPage,1770683410,1,0,1
kvceqcyo,21,sdlek05u,14,mock_N08_N04_Aonly,GroupSizeWaitPage,1770683411,1,0,1
kvceqcyo,30,8alo25qt,6,presurvey,TrainingNeighbor_1,1770683418,1,0,0
kvceqcyo,21,sdlek05u,15,mock_N08_N04_Aonly,AttentionCheck,1770683418,1,0,0
kvceqcyo,31,2s248uds,1,presurvey,Introduction,1770683421,1,0,0
kvceqcyo,30,8alo25qt,10,presurvey,ExperimentInstruction,1770683427,1,0,0
kvceqcyo,28,18gp7lbd,5,presurvey,Training,1770683442,1,0,0
kvceqcyo,32,s87b2pqb,0,,InitializeParticipant,1770683451,1,0,0
kvceqcyo,31,2s248uds,2,presurvey,AudioCheck,1770683455,1,0,0
kvceqcyo,32,s87b2pqb,1,presurvey,Introduction,1770683457,1,0,0
kvceqcyo,30,8alo25qt,11,presurvey,Scenario,1770683459,1,0,0
kvceqcyo,32,s87b2pqb,2,presurvey,AudioCheck,1770683470,1,0,0
kvceqcyo,31,2s248uds,3,presurvey,Demographics,1770683474,1,0,0
kvceqcyo,30,8alo25qt,12,presurvey,Commitment,1770683475,1,0,0
kvceqcyo,32,s87b2pqb,3,presurvey,Demographics,1770683481,1,0,0
kvceqcyo,32,s87b2pqb,4,presurvey,NeighborhoodInstruction,1770683495,1,0,0
kvceqcyo,28,18gp7lbd,6,presurvey,TrainingNeighbor_1,1770683504,1,0,0
kvceqcyo,32,s87b2pqb,5,presurvey,Training,1770683518,1,0,0
kvceqcyo,28,18gp7lbd,7,presurvey,TrainingNeighbor_2,1770683527,1,0,0
kvceqcyo,33,t9f8rm8d,0,,InitializeParticipant,1770683538,1,0,0
kvceqcyo,32,s87b2pqb,6,presurvey,TrainingNeighbor_1,1770683546,1,0,0
kvceqcyo,31,2s248uds,4,presurvey,NeighborhoodInstruction,1770683548,1,0,0
kvceqcyo,22,aciizd1v,13,mock_N08_N04_Aonly,GroupingWaitPage,1770683553,1,0,1
kvceqcyo,22,aciizd1v,14,mock_N08_N04_Aonly,GroupSizeWaitPage,1770683554,1,0,1
kvceqcyo,28,18gp7lbd,8,presurvey,AttentionCheck,1770683557,1,0,0
kvceqcyo,33,t9f8rm8d,1,presurvey,Introduction,1770683559,1,0,0
kvceqcyo,22,aciizd1v,15,mock_N08_N04_Aonly,AttentionCheck,1770683559,1,0,0
kvceqcyo,32,s87b2pqb,7,presurvey,TrainingNeighbor_2,1770683571,1,0,0
kvceqcyo,33,t9f8rm8d,2,presurvey,AudioCheck,1770683579,1,0,0
kvceqcyo,32,s87b2pqb,10,presurvey,ExperimentInstruction,1770683580,1,0,0
kvceqcyo,28,18gp7lbd,9,presurvey,TrainingNeighbor_3,1770683589,1,0,0
kvceqcyo,31,2s248uds,5,presurvey,Training,1770683590,1,0,0
kvceqcyo,33,t9f8rm8d,3,presurvey,Demographics,1770683595,1,0,0
kvceqcyo,28,18gp7lbd,10,presurvey,ExperimentInstruction,1770683596,1,0,0
kvceqcyo,33,t9f8rm8d,4,presurvey,NeighborhoodInstruction,1770683613,1,0,0
kvceqcyo,32,s87b2pqb,11,presurvey,Scenario,1770683615,1,0,0
kvceqcyo,34,7kypbrbj,0,,InitializeParticipant,1770683623,1,0,0
kvceqcyo,33,t9f8rm8d,5,presurvey,Training,1770683645,1,0,0
kvceqcyo,28,18gp7lbd,11,presurvey,Scenario,1770683655,1,0,0
kvceqcyo,34,7kypbrbj,1,presurvey,Introduction,1770683657,1,0,0
kvceqcyo,33,t9f8rm8d,6,presurvey,TrainingNeighbor_1,1770683672,1,0,0
kvceqcyo,33,t9f8rm8d,10,presurvey,ExperimentInstruction,1770683679,1,0,0
kvceqcyo,33,t9f8rm8d,11,presurvey,Scenario,1770683713,1,0,0
kvceqcyo,34,7kypbrbj,2,presurvey,AudioCheck,1770683722,1,0,0
kvceqcyo,31,2s248uds,6,presurvey,TrainingNeighbor_1,1770683731,1,0,0
kvceqcyo,34,7kypbrbj,3,presurvey,Demographics,1770683743,1,0,0
kvceqcyo,31,2s248uds,10,presurvey,ExperimentInstruction,1770683776,1,0,0
kvceqcyo,23,bh6u0l2t,13,mock_N08_N04_Aonly,GroupingWaitPage,1770683777,1,0,1
kvceqcyo,23,bh6u0l2t,14,mock_N08_N04_Aonly,GroupSizeWaitPage,1770683778,1,0,1
kvceqcyo,23,bh6u0l2t,15,mock_N08_N04_Aonly,AttentionCheck,1770683787,1,0,0
kvceqcyo,35,d6u8niiu,0,,InitializeParticipant,1770683803,1,0,0
kvceqcyo,35,d6u8niiu,1,presurvey,Introduction,1770683806,1,0,0
kvceqcyo,34,7kypbrbj,4,presurvey,NeighborhoodInstruction,1770683823,1,0,0
kvceqcyo,35,d6u8niiu,2,presurvey,AudioCheck,1770683833,1,0,0
kvceqcyo,31,2s248uds,11,presurvey,Scenario,1770683842,1,0,0
kvceqcyo,35,d6u8niiu,3,presurvey,Demographics,1770683845,1,0,0
kvceqcyo,36,s4q58m6b,0,,InitializeParticipant,1770683851,1,0,0
kvceqcyo,36,s4q58m6b,1,presurvey,Introduction,1770683862,1,0,0
kvceqcyo,37,pycvxi6q,0,,InitializeParticipant,1770683879,1,0,0
kvceqcyo,35,d6u8niiu,4,presurvey,NeighborhoodInstruction,1770683882,1,0,0
kvceqcyo,36,s4q58m6b,2,presurvey,AudioCheck,1770683886,1,0,0
kvceqcyo,37,pycvxi6q,1,presurvey,Introduction,1770683886,1,0,0
kvceqcyo,38,0h0me2ug,0,,InitializeParticipant,1770683889,1,0,0
kvceqcyo,34,7kypbrbj,5,presurvey,Training,1770683894,1,0,0
kvceqcyo,36,s4q58m6b,3,presurvey,Demographics,1770683900,1,0,0
kvceqcyo,38,0h0me2ug,1,presurvey,Introduction,1770683907,1,0,0
kvceqcyo,37,pycvxi6q,2,presurvey,AudioCheck,1770683908,1,0,0
kvceqcyo,39,r5kqup57,0,,InitializeParticipant,1770683913,1,0,0
kvceqcyo,35,d6u8niiu,5,presurvey,Training,1770683916,1,0,0
kvceqcyo,39,r5kqup57,1,presurvey,Introduction,1770683916,1,0,0
kvceqcyo,37,pycvxi6q,3,presurvey,Demographics,1770683920,1,0,0
kvceqcyo,39,r5kqup57,2,presurvey,AudioCheck,1770683927,1,0,0
kvceqcyo,40,hz48ttsi,0,,InitializeParticipant,1770683929,1,0,0
kvceqcyo,38,0h0me2ug,2,presurvey,AudioCheck,1770683934,1,0,0
kvceqcyo,39,r5kqup57,3,presurvey,Demographics,1770683939,1,0,0
kvceqcyo,37,pycvxi6q,4,presurvey,NeighborhoodInstruction,1770683943,1,0,0
kvceqcyo,40,hz48ttsi,1,presurvey,Introduction,1770683947,1,0,0
kvceqcyo,38,0h0me2ug,3,presurvey,Demographics,1770683950,1,0,0
kvceqcyo,31,2s248uds,12,presurvey,Commitment,1770683951,1,0,0
kvceqcyo,39,r5kqup57,4,presurvey,NeighborhoodInstruction,1770683953,1,0,0
kvceqcyo,35,d6u8niiu,6,presurvey,TrainingNeighbor_1,1770683954,1,0,0
kvceqcyo,35,d6u8niiu,10,presurvey,ExperimentInstruction,1770683960,1,0,0
kvceqcyo,39,r5kqup57,5,presurvey,Training,1770683966,1,0,0
kvceqcyo,37,pycvxi6q,5,presurvey,Training,1770683970,1,0,0
kvceqcyo,38,0h0me2ug,4,presurvey,NeighborhoodInstruction,1770683975,1,0,0
kvceqcyo,39,r5kqup57,6,presurvey,TrainingNeighbor_1,1770683978,1,0,0
kvceqcyo,34,7kypbrbj,6,presurvey,TrainingNeighbor_1,1770683980,1,0,0
kvceqcyo,40,hz48ttsi,2,presurvey,AudioCheck,1770683982,1,0,0
kvceqcyo,39,r5kqup57,7,presurvey,TrainingNeighbor_2,1770683987,1,0,0
kvceqcyo,35,d6u8niiu,11,presurvey,Scenario,1770683988,1,0,0
kvceqcyo,36,s4q58m6b,4,presurvey,NeighborhoodInstruction,1770683994,1,0,0
kvceqcyo,40,hz48ttsi,3,presurvey,Demographics,1770683997,1,0,0
kvceqcyo,38,0h0me2ug,5,presurvey,Training,1770684007,1,0,0
kvceqcyo,37,pycvxi6q,6,presurvey,TrainingNeighbor_1,1770684008,1,0,0
kvceqcyo,40,hz48ttsi,4,presurvey,NeighborhoodInstruction,1770684015,1,0,0
kvceqcyo,34,7kypbrbj,7,presurvey,TrainingNeighbor_2,1770684018,1,0,0
kvceqcyo,37,pycvxi6q,7,presurvey,TrainingNeighbor_2,1770684025,1,0,0
kvceqcyo,37,pycvxi6q,10,presurvey,ExperimentInstruction,1770684036,1,0,0
kvceqcyo,36,s4q58m6b,5,presurvey,Training,1770684038,1,0,0
kvceqcyo,34,7kypbrbj,8,presurvey,AttentionCheck,1770684045,1,0,0
kvceqcyo,40,hz48ttsi,5,presurvey,Training,1770684051,1,0,0
kvceqcyo,38,0h0me2ug,6,presurvey,TrainingNeighbor_1,1770684063,1,0,0
kvceqcyo,40,hz48ttsi,6,presurvey,TrainingNeighbor_1,1770684068,1,0,0
kvceqcyo,37,pycvxi6q,11,presurvey,Scenario,1770684073,1,0,0
kvceqcyo,38,0h0me2ug,7,presurvey,TrainingNeighbor_2,1770684078,1,0,0
kvceqcyo,40,hz48ttsi,7,presurvey,TrainingNeighbor_2,1770684085,1,0,0
kvceqcyo,34,7kypbrbj,9,presurvey,TrainingNeighbor_3,1770684085,1,0,0
kvceqcyo,38,0h0me2ug,10,presurvey,ExperimentInstruction,1770684088,1,0,0
kvceqcyo,40,hz48ttsi,10,presurvey,ExperimentInstruction,1770684096,1,0,0
kvceqcyo,36,s4q58m6b,6,presurvey,TrainingNeighbor_1,1770684097,1,0,0
kvceqcyo,39,r5kqup57,10,presurvey,ExperimentInstruction,1770684104,1,0,0
kvceqcyo,41,531jb34w,0,,InitializeParticipant,1770684122,1,0,0
kvceqcyo,39,r5kqup57,11,presurvey,Scenario,1770684122,1,0,0
kvceqcyo,38,0h0me2ug,11,presurvey,Scenario,1770684123,1,0,0
kvceqcyo,40,hz48ttsi,11,presurvey,Scenario,1770684127,1,0,0
kvceqcyo,34,7kypbrbj,10,presurvey,ExperimentInstruction,1770684131,1,0,0
kvceqcyo,41,531jb34w,1,presurvey,Introduction,1770684131,1,0,0
kvceqcyo,36,s4q58m6b,7,presurvey,TrainingNeighbor_2,1770684134,1,0,0
kvceqcyo,36,s4q58m6b,10,presurvey,ExperimentInstruction,1770684140,1,0,0
kvceqcyo,39,r5kqup57,12,presurvey,Commitment,1770684141,1,0,0
kvceqcyo,41,531jb34w,2,presurvey,AudioCheck,1770684146,1,0,0
kvceqcyo,42,hrlr8y9p,0,,InitializeParticipant,1770684148,1,0,0
kvceqcyo,41,531jb34w,3,presurvey,Demographics,1770684158,1,0,0
kvceqcyo,42,hrlr8y9p,1,presurvey,Introduction,1770684169,1,0,0
kvceqcyo,36,s4q58m6b,11,presurvey,Scenario,1770684187,1,0,0
kvceqcyo,34,7kypbrbj,11,presurvey,Scenario,1770684191,1,0,0
kvceqcyo,43,podl05fm,0,,InitializeParticipant,1770684194,1,0,0
kvceqcyo,43,podl05fm,1,presurvey,Introduction,1770684212,1,0,0
kvceqcyo,43,podl05fm,2,presurvey,AudioCheck,1770684232,1,0,0
kvceqcyo,42,hrlr8y9p,2,presurvey,AudioCheck,1770684237,1,0,0
kvceqcyo,36,s4q58m6b,12,presurvey,Commitment,1770684240,1,0,0
kvceqcyo,42,hrlr8y9p,3,presurvey,Demographics,1770684256,1,0,0
kvceqcyo,44,8oyzmua0,0,,InitializeParticipant,1770684281,1,0,0
kvceqcyo,42,hrlr8y9p,4,presurvey,NeighborhoodInstruction,1770684286,1,0,0
kvceqcyo,44,8oyzmua0,1,presurvey,Introduction,1770684319,1,0,0
kvceqcyo,43,podl05fm,3,presurvey,Demographics,1770684322,1,0,0
kvceqcyo,34,7kypbrbj,12,presurvey,Commitment,1770684328,1,0,0
kvceqcyo,42,hrlr8y9p,5,presurvey,Training,1770684329,1,0,0
kvceqcyo,41,531jb34w,4,presurvey,NeighborhoodInstruction,1770684353,1,0,0
kvceqcyo,42,hrlr8y9p,6,presurvey,TrainingNeighbor_1,1770684371,1,0,0
kvceqcyo,41,531jb34w,5,presurvey,Training,1770684391,1,0,0
kvceqcyo,43,podl05fm,4,presurvey,NeighborhoodInstruction,1770684394,1,0,0
kvceqcyo,44,8oyzmua0,2,presurvey,AudioCheck,1770684398,1,0,0
kvceqcyo,44,8oyzmua0,3,presurvey,Demographics,1770684416,1,0,0
kvceqcyo,43,podl05fm,5,presurvey,Training,1770684425,1,0,0
kvceqcyo,41,531jb34w,6,presurvey,TrainingNeighbor_1,1770684427,1,0,0
kvceqcyo,42,hrlr8y9p,7,presurvey,TrainingNeighbor_2,1770684437,1,0,0
kvceqcyo,41,531jb34w,7,presurvey,TrainingNeighbor_2,1770684438,1,0,0
kvceqcyo,42,hrlr8y9p,8,presurvey,AttentionCheck,1770684450,1,0,0
kvceqcyo,43,podl05fm,6,presurvey,TrainingNeighbor_1,1770684453,1,0,0
kvceqcyo,43,podl05fm,10,presurvey,ExperimentInstruction,1770684471,1,0,0
kvceqcyo,44,8oyzmua0,4,presurvey,NeighborhoodInstruction,1770684502,1,0,0
kvceqcyo,41,531jb34w,8,presurvey,AttentionCheck,1770684507,1,1,0
kvceqcyo,44,8oyzmua0,5,presurvey,Training,1770684567,1,0,0
kvceqcyo,44,8oyzmua0,6,presurvey,TrainingNeighbor_1,1770684621,1,0,0
kvceqcyo,44,8oyzmua0,10,presurvey,ExperimentInstruction,1770684633,1,0,0
kvceqcyo,43,podl05fm,11,presurvey,Scenario,1770684644,1,0,0
kvceqcyo,45,m167jwfv,0,,InitializeParticipant,1770684663,1,0,0
kvceqcyo,43,podl05fm,12,presurvey,Commitment,1770684682,1,0,0
kvceqcyo,45,m167jwfv,1,presurvey,Introduction,1770684684,1,0,0
kvceqcyo,44,8oyzmua0,11,presurvey,Scenario,1770684687,1,0,0
kvceqcyo,45,m167jwfv,2,presurvey,AudioCheck,1770684697,1,0,0
kvceqcyo,45,m167jwfv,3,presurvey,Demographics,1770684708,1,0,0
kvceqcyo,45,m167jwfv,4,presurvey,NeighborhoodInstruction,1770684725,1,0,0
kvceqcyo,45,m167jwfv,5,presurvey,Training,1770684746,1,0,0
kvceqcyo,45,m167jwfv,6,presurvey,TrainingNeighbor_1,1770684769,1,0,0
kvceqcyo,45,m167jwfv,10,presurvey,ExperimentInstruction,1770684774,1,0,0
kvceqcyo,45,m167jwfv,11,presurvey,Scenario,1770684806,1,0,0
kvceqcyo,46,odc00kwh,0,,InitializeParticipant,1770684882,1,0,0
kvceqcyo,47,hy9wvtm5,0,,InitializeParticipant,1770684905,1,0,0
kvceqcyo,47,hy9wvtm5,1,presurvey,Introduction,1770684918,1,0,0
kvceqcyo,47,hy9wvtm5,2,presurvey,AudioCheck,1770684948,1,0,0
kvceqcyo,47,hy9wvtm5,3,presurvey,Demographics,1770684963,1,0,0
kvceqcyo,47,hy9wvtm5,4,presurvey,NeighborhoodInstruction,1770684983,1,0,0
kvceqcyo,46,odc00kwh,1,presurvey,Introduction,1770684991,1,0,0
kvceqcyo,47,hy9wvtm5,5,presurvey,Training,1770685004,1,0,0
kvceqcyo,42,hrlr8y9p,9,presurvey,TrainingNeighbor_3,1770685019,1,0,0
kvceqcyo,47,hy9wvtm5,6,presurvey,TrainingNeighbor_1,1770685022,1,0,0
kvceqcyo,42,hrlr8y9p,10,presurvey,ExperimentInstruction,1770685024,1,0,0
kvceqcyo,47,hy9wvtm5,10,presurvey,ExperimentInstruction,1770685027,1,0,0
kvceqcyo,47,hy9wvtm5,11,presurvey,Scenario,1770685055,1,0,0
kvceqcyo,31,2s248uds,13,mock_N08_N04_Aonly,GroupingWaitPage,1770685103,1,0,1
kvceqcyo,31,2s248uds,14,mock_N08_N04_Aonly,GroupSizeWaitPage,1770685103,1,0,1
kvceqcyo,31,2s248uds,15,mock_N08_N04_Aonly,AttentionCheck,1770685138,1,1,0
kvceqcyo,42,hrlr8y9p,11,presurvey,Scenario,1770685196,1,0,0
kvceqcyo,48,6asecvb3,0,,InitializeParticipant,1770685216,1,0,0
kvceqcyo,48,6asecvb3,1,presurvey,Introduction,1770685232,1,0,0
kvceqcyo,48,6asecvb3,2,presurvey,AudioCheck,1770685245,1,0,0
kvceqcyo,42,hrlr8y9p,12,presurvey,Commitment,1770685261,1,0,0
kvceqcyo,48,6asecvb3,3,presurvey,Demographics,1770685269,1,0,0
kvceqcyo,48,6asecvb3,4,presurvey,NeighborhoodInstruction,1770685289,1,0,0
kvceqcyo,49,cl5d6gzy,0,,InitializeParticipant,1770685307,1,0,0
kvceqcyo,49,cl5d6gzy,1,presurvey,Introduction,1770685313,1,0,0
kvceqcyo,48,6asecvb3,5,presurvey,Training,1770685323,1,0,0
kvceqcyo,49,cl5d6gzy,2,presurvey,AudioCheck,1770685332,1,0,0
kvceqcyo,39,r5kqup57,13,mock_N08_N04_Aonly,GroupingWaitPage,1770685345,1,0,1
kvceqcyo,49,cl5d6gzy,3,presurvey,Demographics,1770685345,1,0,0
kvceqcyo,39,r5kqup57,14,mock_N08_N04_Aonly,GroupSizeWaitPage,1770685345,1,0,1
kvceqcyo,39,r5kqup57,15,mock_N08_N04_Aonly,AttentionCheck,1770685348,1,0,0
kvceqcyo,50,vnd27kl8,0,,InitializeParticipant,1770685353,1,0,0
kvceqcyo,48,6asecvb3,6,presurvey,TrainingNeighbor_1,1770685356,1,0,0
kvceqcyo,50,vnd27kl8,1,presurvey,Introduction,1770685356,1,0,0
kvceqcyo,48,6asecvb3,10,presurvey,ExperimentInstruction,1770685359,1,0,0
kvceqcyo,49,cl5d6gzy,4,presurvey,NeighborhoodInstruction,1770685360,1,0,0
kvceqcyo,50,vnd27kl8,2,presurvey,AudioCheck,1770685367,1,0,0
kvceqcyo,50,vnd27kl8,3,presurvey,Demographics,1770685377,1,0,0
kvceqcyo,36,s4q58m6b,13,mock_N08_N04_Aonly,GroupingWaitPage,1770685380,1,0,1
kvceqcyo,36,s4q58m6b,14,mock_N08_N04_Aonly,GroupSizeWaitPage,1770685381,1,0,1
kvceqcyo,50,vnd27kl8,4,presurvey,NeighborhoodInstruction,1770685389,1,0,0
kvceqcyo,49,cl5d6gzy,5,presurvey,Training,1770685393,1,0,0
kvceqcyo,36,s4q58m6b,15,mock_N08_N04_Aonly,AttentionCheck,1770685396,1,0,0
kvceqcyo,48,6asecvb3,11,presurvey,Scenario,1770685397,1,0,0
kvceqcyo,49,cl5d6gzy,6,presurvey,TrainingNeighbor_1,1770685440,1,0,0
kvceqcyo,49,cl5d6gzy,10,presurvey,ExperimentInstruction,1770685460,1,0,0
kvceqcyo,48,6asecvb3,12,presurvey,Commitment,1770685468,1,0,0
kvceqcyo,50,vnd27kl8,5,presurvey,Training,1770685475,1,0,0
kvceqcyo,49,cl5d6gzy,11,presurvey,Scenario,1770685486,1,0,0
kvceqcyo,50,vnd27kl8,6,presurvey,TrainingNeighbor_1,1770685507,1,0,0
kvceqcyo,50,vnd27kl8,7,presurvey,TrainingNeighbor_2,1770685511,1,0,0
kvceqcyo,50,vnd27kl8,10,presurvey,ExperimentInstruction,1770685514,1,0,0
kvceqcyo,34,7kypbrbj,13,mock_N08_N04_Aonly,GroupingWaitPage,1770685535,1,0,1
kvceqcyo,50,vnd27kl8,11,presurvey,Scenario,1770685535,1,0,0
kvceqcyo,34,7kypbrbj,14,mock_N08_N04_Aonly,GroupSizeWaitPage,1770685536,1,0,1
kvceqcyo,34,7kypbrbj,15,mock_N08_N04_Aonly,AttentionCheck,1770685552,1,0,0
kvceqcyo,50,vnd27kl8,12,presurvey,Commitment,1770685657,1,0,0
kvceqcyo,51,l9nkgdfd,0,,InitializeParticipant,1770685766,1,0,0
kvceqcyo,43,podl05fm,13,mock_N08_N04_Aonly,GroupingWaitPage,1770685826,1,0,1
kvceqcyo,43,podl05fm,14,mock_N08_N04_Aonly,GroupSizeWaitPage,1770685827,1,0,1
kvceqcyo,43,podl05fm,15,mock_N08_N04_Aonly,AttentionCheck,1770685831,1,0,0
kvceqcyo,52,av18k7gw,0,,InitializeParticipant,1770685875,1,0,0
kvceqcyo,51,l9nkgdfd,1,presurvey,Introduction,1770685884,1,0,0
kvceqcyo,52,av18k7gw,1,presurvey,Introduction,1770685899,1,0,0
kvceqcyo,53,q4ydrkgj,0,,InitializeParticipant,1770685908,1,0,0
kvceqcyo,52,av18k7gw,2,presurvey,AudioCheck,1770685911,1,0,0
kvceqcyo,52,av18k7gw,3,presurvey,Demographics,1770685919,1,0,0
kvceqcyo,53,q4ydrkgj,1,presurvey,Introduction,1770685931,1,0,0
kvceqcyo,51,l9nkgdfd,2,presurvey,AudioCheck,1770685939,1,0,0
kvceqcyo,52,av18k7gw,4,presurvey,NeighborhoodInstruction,1770685939,1,0,0
kvceqcyo,46,odc00kwh,2,presurvey,AudioCheck,1770685942,1,0,0
kvceqcyo,53,q4ydrkgj,2,presurvey,AudioCheck,1770685952,1,0,0
kvceqcyo,51,l9nkgdfd,3,presurvey,Demographics,1770685957,1,0,0
kvceqcyo,53,q4ydrkgj,3,presurvey,Demographics,1770685965,1,0,0
kvceqcyo,52,av18k7gw,5,presurvey,Training,1770685973,1,0,0
kvceqcyo,53,q4ydrkgj,4,presurvey,NeighborhoodInstruction,1770685976,1,0,0
kvceqcyo,52,av18k7gw,6,presurvey,TrainingNeighbor_1,1770686000,1,0,0
kvceqcyo,52,av18k7gw,10,presurvey,ExperimentInstruction,1770686009,1,0,0
kvceqcyo,54,zb994gc1,0,,InitializeParticipant,1770686012,1,0,0
kvceqcyo,54,zb994gc1,1,presurvey,Introduction,1770686016,1,0,0
kvceqcyo,51,l9nkgdfd,4,presurvey,NeighborhoodInstruction,1770686043,1,0,0
kvceqcyo,53,q4ydrkgj,5,presurvey,Training,1770686044,1,0,0
kvceqcyo,54,zb994gc1,2,presurvey,AudioCheck,1770686047,1,0,0
kvceqcyo,52,av18k7gw,11,presurvey,Scenario,1770686049,1,0,0
kvceqcyo,55,26igtn6k,0,,InitializeParticipant,1770686057,1,0,0
kvceqcyo,55,26igtn6k,1,presurvey,Introduction,1770686065,1,0,0
kvceqcyo,54,zb994gc1,3,presurvey,Demographics,1770686066,1,0,0
kvceqcyo,52,av18k7gw,12,presurvey,Commitment,1770686077,1,0,0
kvceqcyo,53,q4ydrkgj,6,presurvey,TrainingNeighbor_1,1770686080,1,0,0
kvceqcyo,51,l9nkgdfd,5,presurvey,Training,1770686096,1,0,0
kvceqcyo,55,26igtn6k,2,presurvey,AudioCheck,1770686100,1,0,0
kvceqcyo,54,zb994gc1,4,presurvey,NeighborhoodInstruction,1770686105,1,0,0
kvceqcyo,53,q4ydrkgj,7,presurvey,TrainingNeighbor_2,1770686121,1,0,0
kvceqcyo,55,26igtn6k,3,presurvey,Demographics,1770686124,1,0,0
kvceqcyo,53,q4ydrkgj,10,presurvey,ExperimentInstruction,1770686126,1,0,0
kvceqcyo,54,zb994gc1,5,presurvey,Training,1770686149,1,0,0
kvceqcyo,55,26igtn6k,4,presurvey,NeighborhoodInstruction,1770686150,1,0,0
kvceqcyo,51,l9nkgdfd,6,presurvey,TrainingNeighbor_1,1770686178,1,0,0
kvceqcyo,53,q4ydrkgj,11,presurvey,Scenario,1770686178,1,0,0
kvceqcyo,54,zb994gc1,6,presurvey,TrainingNeighbor_1,1770686201,1,0,0
kvceqcyo,54,zb994gc1,10,presurvey,ExperimentInstruction,1770686209,1,0,0
kvceqcyo,56,gps3sv9q,0,,InitializeParticipant,1770686216,1,0,0
kvceqcyo,56,gps3sv9q,1,presurvey,Introduction,1770686219,1,0,0
kvceqcyo,51,l9nkgdfd,7,presurvey,TrainingNeighbor_2,1770686221,1,0,0
kvceqcyo,56,gps3sv9q,2,presurvey,AudioCheck,1770686228,1,0,0
kvceqcyo,54,zb994gc1,11,presurvey,Scenario,1770686251,1,0,0
kvceqcyo,55,26igtn6k,5,presurvey,Training,1770686265,1,0,0
kvceqcyo,51,l9nkgdfd,10,presurvey,ExperimentInstruction,1770686274,1,0,0
kvceqcyo,57,b4pnpw46,0,,InitializeParticipant,1770686277,1,0,0
kvceqcyo,57,b4pnpw46,1,presurvey,Introduction,1770686296,1,0,0
kvceqcyo,55,26igtn6k,6,presurvey,TrainingNeighbor_1,1770686314,1,0,0
kvceqcyo,57,b4pnpw46,2,presurvey,AudioCheck,1770686316,1,0,0
kvceqcyo,55,26igtn6k,10,presurvey,ExperimentInstruction,1770686323,1,0,0
kvceqcyo,57,b4pnpw46,3,presurvey,Demographics,1770686326,1,0,0
kvceqcyo,58,53f7u7ma,0,,InitializeParticipant,1770686327,1,0,0
kvceqcyo,59,la4li46u,0,,InitializeParticipant,1770686327,1,0,0
kvceqcyo,46,odc00kwh,3,presurvey,Demographics,1770686330,1,0,0
kvceqcyo,58,53f7u7ma,1,presurvey,Introduction,1770686330,1,0,0
kvceqcyo,46,odc00kwh,4,presurvey,NeighborhoodInstruction,1770686332,1,0,0
kvceqcyo,51,l9nkgdfd,11,presurvey,Scenario,1770686336,1,0,0
kvceqcyo,58,53f7u7ma,2,presurvey,AudioCheck,1770686342,1,0,0
kvceqcyo,59,la4li46u,1,presurvey,Introduction,1770686345,1,0,0
kvceqcyo,46,odc00kwh,5,presurvey,Training,1770686348,1,0,0
kvceqcyo,58,53f7u7ma,3,presurvey,Demographics,1770686350,1,0,0
kvceqcyo,58,53f7u7ma,4,presurvey,NeighborhoodInstruction,1770686354,1,0,0
kvceqcyo,57,b4pnpw46,4,presurvey,NeighborhoodInstruction,1770686356,1,0,0
kvceqcyo,59,la4li46u,2,presurvey,AudioCheck,1770686359,1,0,0
kvceqcyo,55,26igtn6k,11,presurvey,Scenario,1770686363,1,0,0
kvceqcyo,59,la4li46u,3,presurvey,Demographics,1770686375,1,0,0
kvceqcyo,46,odc00kwh,6,presurvey,TrainingNeighbor_1,1770686388,1,0,0
kvceqcyo,57,b4pnpw46,5,presurvey,Training,1770686397,1,0,0
kvceqcyo,42,hrlr8y9p,13,mock_N08_N04_Aonly,GroupingWaitPage,1770686402,1,0,1
kvceqcyo,42,hrlr8y9p,14,mock_N08_N04_Aonly,GroupSizeWaitPage,1770686403,1,0,1
kvceqcyo,58,53f7u7ma,5,presurvey,Training,1770686403,1,0,0
kvceqcyo,59,la4li46u,4,presurvey,NeighborhoodInstruction,1770686403,1,0,0
kvceqcyo,42,hrlr8y9p,15,mock_N08_N04_Aonly,AttentionCheck,1770686410,1,0,0
kvceqcyo,46,odc00kwh,7,presurvey,TrainingNeighbor_2,1770686415,1,0,0
kvceqcyo,57,b4pnpw46,6,presurvey,TrainingNeighbor_1,1770686420,1,0,0
kvceqcyo,46,odc00kwh,8,presurvey,AttentionCheck,1770686425,1,0,0
kvceqcyo,57,b4pnpw46,10,presurvey,ExperimentInstruction,1770686427,1,0,0
kvceqcyo,60,ipypla4c,0,,InitializeParticipant,1770686435,1,0,0
kvceqcyo,46,odc00kwh,9,presurvey,TrainingNeighbor_3,1770686445,1,0,0
kvceqcyo,59,la4li46u,5,presurvey,Training,1770686452,1,0,0
kvceqcyo,57,b4pnpw46,11,presurvey,Scenario,1770686453,1,0,0
kvceqcyo,58,53f7u7ma,6,presurvey,TrainingNeighbor_1,1770686453,1,0,0
kvceqcyo,58,53f7u7ma,7,presurvey,TrainingNeighbor_2,1770686459,1,0,0
kvceqcyo,58,53f7u7ma,8,presurvey,AttentionCheck,1770686468,1,0,0
kvceqcyo,58,53f7u7ma,9,presurvey,TrainingNeighbor_3,1770686481,1,0,0
kvceqcyo,57,b4pnpw46,12,presurvey,Commitment,1770686483,1,0,0
kvceqcyo,60,ipypla4c,1,presurvey,Introduction,1770686493,1,0,0
kvceqcyo,59,la4li46u,6,presurvey,TrainingNeighbor_1,1770686496,1,0,0
kvceqcyo,59,la4li46u,10,presurvey,ExperimentInstruction,1770686508,1,0,0
kvceqcyo,60,ipypla4c,2,presurvey,AudioCheck,1770686534,1,0,0
kvceqcyo,60,ipypla4c,3,presurvey,Demographics,1770686551,1,0,0
kvceqcyo,59,la4li46u,11,presurvey,Scenario,1770686553,1,0,0
kvceqcyo,61,kx9vcqny,0,,InitializeParticipant,1770686577,1,0,0
kvceqcyo,61,kx9vcqny,1,presurvey,Introduction,1770686597,1,0,0
kvceqcyo,59,la4li46u,12,presurvey,Commitment,1770686597,1,0,0
kvceqcyo,48,6asecvb3,13,mock_N08_N04_Aonly,GroupingWaitPage,1770686612,1,0,1
kvceqcyo,58,53f7u7ma,10,presurvey,ExperimentInstruction,1770686612,1,0,0
kvceqcyo,48,6asecvb3,14,mock_N08_N04_Aonly,GroupSizeWaitPage,1770686613,1,0,1
kvceqcyo,61,kx9vcqny,2,presurvey,AudioCheck,1770686619,1,0,0
kvceqcyo,48,6asecvb3,15,mock_N08_N04_Aonly,AttentionCheck,1770686623,1,0,0
kvceqcyo,58,53f7u7ma,11,presurvey,Scenario,1770686630,1,0,0
kvceqcyo,61,kx9vcqny,3,presurvey,Demographics,1770686636,1,0,0
kvceqcyo,60,ipypla4c,4,presurvey,NeighborhoodInstruction,1770686638,1,0,0
kvceqcyo,61,kx9vcqny,4,presurvey,NeighborhoodInstruction,1770686654,1,0,0
kvceqcyo,61,kx9vcqny,5,presurvey,Training,1770686695,1,0,0
kvceqcyo,60,ipypla4c,5,presurvey,Training,1770686698,1,0,0
kvceqcyo,61,kx9vcqny,6,presurvey,TrainingNeighbor_1,1770686721,1,0,0
kvceqcyo,61,kx9vcqny,10,presurvey,ExperimentInstruction,1770686730,1,0,0
kvceqcyo,60,ipypla4c,6,presurvey,TrainingNeighbor_1,1770686746,1,0,0
kvceqcyo,60,ipypla4c,10,presurvey,ExperimentInstruction,1770686759,1,0,0
kvceqcyo,61,kx9vcqny,11,presurvey,Scenario,1770686771,1,0,0
kvceqcyo,50,vnd27kl8,13,mock_N08_N04_Aonly,GroupingWaitPage,1770686798,1,0,1
kvceqcyo,50,vnd27kl8,14,mock_N08_N04_Aonly,GroupSizeWaitPage,1770686798,1,0,1
kvceqcyo,50,vnd27kl8,15,mock_N08_N04_Aonly,AttentionCheck,1770686803,1,0,0
kvceqcyo,61,kx9vcqny,12,presurvey,Commitment,1770686812,1,0,0
kvceqcyo,60,ipypla4c,11,presurvey,Scenario,1770686839,1,0,0
kvceqcyo,62,mrfs072l,0,,InitializeParticipant,1770687000,1,0,0
kvceqcyo,62,mrfs072l,1,presurvey,Introduction,1770687014,1,0,0
kvceqcyo,62,mrfs072l,2,presurvey,AudioCheck,1770687034,1,0,0
kvceqcyo,62,mrfs072l,3,presurvey,Demographics,1770687046,1,0,0
kvceqcyo,62,mrfs072l,4,presurvey,NeighborhoodInstruction,1770687094,1,0,0
kvceqcyo,62,mrfs072l,5,presurvey,Training,1770687125,1,0,0
kvceqcyo,62,mrfs072l,6,presurvey,TrainingNeighbor_1,1770687171,1,0,0
kvceqcyo,62,mrfs072l,10,presurvey,ExperimentInstruction,1770687176,1,0,0
kvceqcyo,52,av18k7gw,13,mock_N08_N04_Aonly,GroupingWaitPage,1770687221,1,0,1
kvceqcyo,52,av18k7gw,14,mock_N08_N04_Aonly,GroupSizeWaitPage,1770687222,1,0,1
kvceqcyo,52,av18k7gw,15,mock_N08_N04_Aonly,AttentionCheck,1770687228,1,0,0
kvceqcyo,62,mrfs072l,11,presurvey,Scenario,1770687230,1,0,0
kvceqcyo,63,y867xq1u,0,,InitializeParticipant,1770687238,1,0,0
kvceqcyo,63,y867xq1u,1,presurvey,Introduction,1770687259,1,0,0
kvceqcyo,63,y867xq1u,2,presurvey,AudioCheck,1770687321,1,0,0
kvceqcyo,63,y867xq1u,3,presurvey,Demographics,1770687349,1,0,0
kvceqcyo,64,rwmwaceo,0,,InitializeParticipant,1770687379,1,0,0
kvceqcyo,64,rwmwaceo,1,presurvey,Introduction,1770687391,1,0,0
kvceqcyo,63,y867xq1u,4,presurvey,NeighborhoodInstruction,1770687406,1,0,0
kvceqcyo,63,y867xq1u,5,presurvey,Training,1770687463,1,0,0
kvceqcyo,64,rwmwaceo,2,presurvey,AudioCheck,1770687488,1,0,0
kvceqcyo,63,y867xq1u,6,presurvey,TrainingNeighbor_1,1770687510,1,0,0
kvceqcyo,63,y867xq1u,7,presurvey,TrainingNeighbor_2,1770687514,1,0,0
kvceqcyo,64,rwmwaceo,3,presurvey,Demographics,1770687520,1,0,0
kvceqcyo,63,y867xq1u,10,presurvey,ExperimentInstruction,1770687523,1,0,0
kvceqcyo,64,rwmwaceo,4,presurvey,NeighborhoodInstruction,1770687554,1,0,0
kvceqcyo,63,y867xq1u,11,presurvey,Scenario,1770687573,1,0,0
kvceqcyo,64,rwmwaceo,5,presurvey,Training,1770687628,1,0,0
kvceqcyo,63,y867xq1u,12,presurvey,Commitment,1770687651,1,0,0
kvceqcyo,57,b4pnpw46,13,mock_N08_N04_Aonly,GroupingWaitPage,1770687684,1,0,1
kvceqcyo,57,b4pnpw46,14,mock_N08_N04_Aonly,GroupSizeWaitPage,1770687685,1,0,1
kvceqcyo,57,b4pnpw46,15,mock_N08_N04_Aonly,AttentionCheck,1770687691,1,0,0
kvceqcyo,59,la4li46u,13,mock_N08_N04_Aonly,GroupingWaitPage,1770687745,1,0,1
kvceqcyo,59,la4li46u,14,mock_N08_N04_Aonly,GroupSizeWaitPage,1770687746,1,0,1
kvceqcyo,59,la4li46u,15,mock_N08_N04_Aonly,AttentionCheck,1770687749,1,0,0
kvceqcyo,64,rwmwaceo,6,presurvey,TrainingNeighbor_1,1770687775,1,0,0
kvceqcyo,64,rwmwaceo,10,presurvey,ExperimentInstruction,1770687779,1,0,0
kvceqcyo,64,rwmwaceo,11,presurvey,Scenario,1770687852,1,0,0
kvceqcyo,61,kx9vcqny,13,mock_N08_N04_Aonly,GroupingWaitPage,1770687959,1,0,1
kvceqcyo,61,kx9vcqny,14,mock_N08_N04_Aonly,GroupSizeWaitPage,1770687959,1,0,1
kvceqcyo,61,kx9vcqny,15,mock_N08_N04_Aonly,AttentionCheck,1770687964,1,0,0
kvceqcyo,63,y867xq1u,13,mock_N08_N04_Aonly,GroupingWaitPage,1770688805,1,0,1
nkbmgvpf,1,4ggij901,0,,InitializeParticipant,1770768330,1,0,0
nkbmgvpf,1,4ggij901,1,presurvey,Introduction,1770768332,1,0,0
nkbmgvpf,1,4ggij901,2,presurvey,AudioCheck,1770768349,1,0,0
nkbmgvpf,1,4ggij901,3,presurvey,Demographics,1770768356,1,0,0
nkbmgvpf,1,4ggij901,4,presurvey,NeighborhoodInstruction,1770768362,1,0,0
nkbmgvpf,1,4ggij901,5,presurvey,Training,1770768367,1,0,0
nkbmgvpf,1,4ggij901,6,presurvey,TrainingNeighbor_1,1770768378,1,0,0
nkbmgvpf,1,4ggij901,10,presurvey,ExperimentInstruction,1770768381,1,0,0
nkbmgvpf,1,4ggij901,11,presurvey,Scenario,1770768397,1,0,0
nkbmgvpf,1,4ggij901,12,presurvey,Commitment,1770768481,1,0,0
nkbmgvpf,2,3yt43ka8,0,,InitializeParticipant,1770768774,1,0,0
nkbmgvpf,2,3yt43ka8,1,presurvey,Introduction,1770768780,1,0,0
nkbmgvpf,2,3yt43ka8,2,presurvey,AudioCheck,1770768799,1,0,0
nkbmgvpf,2,3yt43ka8,3,presurvey,Demographics,1770768812,1,0,0
nkbmgvpf,2,3yt43ka8,4,presurvey,NeighborhoodInstruction,1770768822,1,0,0
nkbmgvpf,2,3yt43ka8,5,presurvey,Training,1770768837,1,0,0
nkbmgvpf,2,3yt43ka8,6,presurvey,TrainingNeighbor_1,1770768857,1,0,0
nkbmgvpf,3,izopmmxk,0,,InitializeParticipant,1770768863,1,0,0
nkbmgvpf,2,3yt43ka8,10,presurvey,ExperimentInstruction,1770768883,1,0,0
nkbmgvpf,3,izopmmxk,1,presurvey,Introduction,1770768899,1,0,0
nkbmgvpf,2,3yt43ka8,11,presurvey,Scenario,1770768923,1,0,0
nkbmgvpf,3,izopmmxk,2,presurvey,AudioCheck,1770768930,1,0,0
nkbmgvpf,3,izopmmxk,3,presurvey,Demographics,1770768950,1,0,0
nkbmgvpf,3,izopmmxk,4,presurvey,NeighborhoodInstruction,1770769003,1,0,0
nkbmgvpf,3,izopmmxk,5,presurvey,Training,1770769042,1,0,0
nkbmgvpf,3,izopmmxk,6,presurvey,TrainingNeighbor_1,1770769083,1,0,0
nkbmgvpf,3,izopmmxk,10,presurvey,ExperimentInstruction,1770769097,1,0,0
nkbmgvpf,3,izopmmxk,11,presurvey,Scenario,1770769137,1,0,0
nkbmgvpf,3,izopmmxk,12,presurvey,Commitment,1770769174,1,0,0
nkbmgvpf,4,t53yj4uj,0,,InitializeParticipant,1770769298,1,0,0
nkbmgvpf,4,t53yj4uj,1,presurvey,Introduction,1770769306,1,0,0
nkbmgvpf,4,t53yj4uj,2,presurvey,AudioCheck,1770769349,1,0,0
nkbmgvpf,4,t53yj4uj,3,presurvey,Demographics,1770769372,1,0,0
nkbmgvpf,4,t53yj4uj,4,presurvey,NeighborhoodInstruction,1770769428,1,0,0
nkbmgvpf,4,t53yj4uj,5,presurvey,Training,1770769476,1,0,0
nkbmgvpf,4,t53yj4uj,6,presurvey,TrainingNeighbor_1,1770769513,1,0,0
nkbmgvpf,4,t53yj4uj,7,presurvey,TrainingNeighbor_2,1770769545,1,0,0
nkbmgvpf,4,t53yj4uj,10,presurvey,ExperimentInstruction,1770769553,1,0,0
nkbmgvpf,4,t53yj4uj,11,presurvey,Scenario,1770769614,1,0,0
nkbmgvpf,1,4ggij901,13,mock_N08_N04_Aonly,GroupingWaitPage,1770769628,1,0,1
nkbmgvpf,1,4ggij901,14,mock_N08_N04_Aonly,GroupSizeWaitPage,1770769628,1,0,1
nkbmgvpf,1,4ggij901,15,mock_N08_N04_Aonly,AttentionCheck,1770769636,1,0,0
nkbmgvpf,5,253ubm5g,0,,InitializeParticipant,1770769781,1,0,0
nkbmgvpf,5,253ubm5g,1,presurvey,Introduction,1770769828,1,0,0
nkbmgvpf,5,253ubm5g,2,presurvey,AudioCheck,1770769845,1,0,0
nkbmgvpf,5,253ubm5g,3,presurvey,Demographics,1770769861,1,0,0
nkbmgvpf,5,253ubm5g,4,presurvey,NeighborhoodInstruction,1770769873,1,0,0
nkbmgvpf,5,253ubm5g,5,presurvey,Training,1770769915,1,0,0
nkbmgvpf,6,825itj81,0,,InitializeParticipant,1770769936,1,0,0
nkbmgvpf,5,253ubm5g,6,presurvey,TrainingNeighbor_1,1770769941,1,0,0
nkbmgvpf,5,253ubm5g,7,presurvey,TrainingNeighbor_2,1770769962,1,0,0
nkbmgvpf,5,253ubm5g,10,presurvey,ExperimentInstruction,1770769971,1,0,0
nkbmgvpf,6,825itj81,1,presurvey,Introduction,1770769976,1,0,0
nkbmgvpf,5,253ubm5g,11,presurvey,Scenario,1770770002,1,0,0
nkbmgvpf,6,825itj81,2,presurvey,AudioCheck,1770770006,1,0,0
nkbmgvpf,6,825itj81,3,presurvey,Demographics,1770770014,1,0,0
nkbmgvpf,6,825itj81,4,presurvey,NeighborhoodInstruction,1770770034,1,0,0
nkbmgvpf,6,825itj81,5,presurvey,Training,1770770090,1,0,0
nkbmgvpf,6,825itj81,6,presurvey,TrainingNeighbor_1,1770770132,1,0,0
nkbmgvpf,7,yf713llr,0,,InitializeParticipant,1770770155,1,0,0
nkbmgvpf,7,yf713llr,1,presurvey,Introduction,1770770166,1,0,0
nkbmgvpf,6,825itj81,7,presurvey,TrainingNeighbor_2,1770770171,1,0,0
nkbmgvpf,6,825itj81,10,presurvey,ExperimentInstruction,1770770176,1,0,0
nkbmgvpf,7,yf713llr,2,presurvey,AudioCheck,1770770203,1,0,0
nkbmgvpf,6,825itj81,11,presurvey,Scenario,1770770205,1,0,0
nkbmgvpf,7,yf713llr,3,presurvey,Demographics,1770770215,1,0,0
nkbmgvpf,7,yf713llr,4,presurvey,NeighborhoodInstruction,1770770242,1,0,0
nkbmgvpf,7,yf713llr,5,presurvey,Training,1770770266,1,0,0
nkbmgvpf,7,yf713llr,6,presurvey,TrainingNeighbor_1,1770770304,1,0,0
nkbmgvpf,7,yf713llr,10,presurvey,ExperimentInstruction,1770770313,1,0,0
nkbmgvpf,3,izopmmxk,13,mock_N08_N04_Aonly,GroupingWaitPage,1770770334,1,0,1
nkbmgvpf,3,izopmmxk,14,mock_N08_N04_Aonly,GroupSizeWaitPage,1770770336,1,0,1
nkbmgvpf,3,izopmmxk,15,mock_N08_N04_Aonly,AttentionCheck,1770770353,1,0,0
nkbmgvpf,7,yf713llr,11,presurvey,Scenario,1770770357,1,0,0
nkbmgvpf,7,yf713llr,12,presurvey,Commitment,1770770404,1,0,0
