Submission id,Participant id,Status,Custom study tncs accepted at,Started at,Completed at,Reviewed at,Archived at,Time taken,Completion code,Total approvals,Age,Sex,Ethnicity simplified,Country of birth,Country of residence,Nationality,Language,Student status,Employment status
68cdd5d9e928396fef3251a2,558c1c5dfdf99b5d806a0017,SCREENED OUT,Not Applicable,2025-09-19T22:17:22.151000Z,2025-09-19T22:20:44.179000Z,,2025-09-19T22:20:44.434323Z,203.0,CSD7X9S6,3116,43,Female,White,United States,United States,United States,English,No,"Not in paid work (e.g. homemaker', 'retired or disabled)"
68cdd5e6e2f477f5467fd394,5befb6e27c387400016983bf,AWAITING REVIEW,Not Applicable,2025-09-19T22:15:13.288000Z,2025-09-19T22:39:02.128000Z,,2025-09-19T22:39:02.496148Z,1429.0,CMKI4JO9,8947,38,Male,White,United States,United States,United States,English,No,Full-Time
68cdd5e7d6d1b7892bc17a7d,607cbf385d3202721e3f719f,SCREENED OUT,Not Applicable,2025-09-19T22:17:43.838000Z,2025-09-19T22:23:18.192000Z,,2025-09-19T22:23:18.456770Z,335.0,CSD7X9S6,9036,57,Female,White,United States,United States,United States,English,DATA_EXPIRED,DATA_EXPIRED
68cdd5f1497f8349b2d842d3,668b37077c15ef8634f2121c,AWAITING REVIEW,Not Applicable,2025-09-19T22:15:19.004000Z,2025-09-19T22:43:51.083000Z,,2025-09-19T22:43:51.466272Z,1713.0,CMKI4JO9,1258,28,Male,Mixed,United States,United States,United States,English,DATA_EXPIRED,DATA_EXPIRED
68cdd6194815a58ddbc4d445,66592dfcb3c1b6f73d81495c,AWAITING REVIEW,Not Applicable,2025-09-19T22:16:32.520000Z,2025-09-19T22:40:31.109000Z,,2025-09-19T22:40:31.550448Z,1439.0,CMKI4JO9,4375,52,Male,White,United States,United States,United States,English,DATA_EXPIRED,DATA_EXPIRED
68cdd61f5cd1646839a179a7,5632410fca59f6000b795a70,SCREENED OUT,Not Applicable,2025-09-19T22:16:10.920000Z,2025-09-19T22:19:06.784000Z,,2025-09-19T22:19:07.044221Z,176.0,CSD7X9S6,2505,49,Male,White,United States,United States,United States,English,No,Other
68cdd6440f50eab5eec17bf9,6643cbd6903cfc9bd5d0be09,SCREENED OUT,Not Applicable,2025-09-19T22:16:39.895000Z,2025-09-19T22:22:34.119000Z,,2025-09-19T22:22:34.413741Z,355.0,CSD7X9S6,1298,32,Female,Mixed,United States,United States,United States,English,DATA_EXPIRED,DATA_EXPIRED
68cdd65f570e610d1162f07a,61082ddbd1479af6c6eb556c,AWAITING REVIEW,Not Applicable,2025-09-19T22:17:09.206000Z,2025-09-19T22:40:01.134000Z,,2025-09-19T22:40:01.491730Z,1372.0,CMKI4JO9,1044,28,Female,White,United States,United States,United States,English,No,Full-Time
68cdd667a1e218ce9f1592de,603006ea5f6c24dfc908f835,AWAITING REVIEW,Not Applicable,2025-09-19T22:17:14.414000Z,2025-09-19T22:45:42.737000Z,,2025-09-19T22:45:44.462165Z,1709.0,CMKI4JO9,414,47,Female,White,United States,United States,United States,English,DATA_EXPIRED,DATA_EXPIRED
68cdd669d6d1b7892bc17a82,66706191120230e6a89ddd0e,AWAITING REVIEW,Not Applicable,2025-09-19T22:17:16.524000Z,2025-09-19T22:40:07.522000Z,,2025-09-19T22:40:07.961455Z,1371.0,CMKI4JO9,2173,35,Female,White,United States,United States,United States,English,No,Part-Time
68cdd66c497f8349b2d842da,6266a599c7361af8b51a95e0,SCREENED OUT,Not Applicable,2025-09-19T22:17:32.099000Z,2025-09-19T22:20:51.897000Z,,2025-09-19T22:20:59.139036Z,200.0,CSD7X9S6,2779,54,Male,White,United States,United States,United States,English,No,Other
68cdd66e6b0f80b95808000f,63368a7379eb43fa2105d971,SCREENED OUT,Not Applicable,2025-09-19T22:17:24.539000Z,2025-09-19T22:21:29.861000Z,,2025-09-19T22:21:30.134204Z,246.0,CSD7X9S6,5358,40,Male,White,United States,United States,United States,English,DATA_EXPIRED,DATA_EXPIRED
68cdd675b5080e722a4bd055,5e6445748a25da1ce689a14c,AWAITING REVIEW,Not Applicable,2025-09-19T22:17:29.877000Z,2025-09-19T22:42:13.486000Z,,2025-09-19T22:42:13.902808Z,1484.0,CMKI4JO9,1002,26,Female,Black,United States,United States,United States,English,Yes,Part-Time
68cdd687f6b7f35ca748b042,59f22a9fd6380600018b2929,AWAITING REVIEW,Not Applicable,2025-09-19T22:17:49.128000Z,2025-09-19T22:41:24.795000Z,,2025-09-19T22:41:25.196454Z,1416.0,CMKI4JO9,1713,29,Female,White,United States,United States,United States,English,DATA_EXPIRED,DATA_EXPIRED
68cdd6924bdd5b1a33347fbc,65d9fe540f9cfbf106f1e5ca,AWAITING REVIEW,Not Applicable,2025-09-19T22:18:00.559000Z,2025-09-19T22:49:42.770000Z,,2025-09-19T22:49:48.440127Z,1903.0,CMKI4JO9,2216,52,Female,Asian,India,United States,United States,Malayalam,DATA_EXPIRED,DATA_EXPIRED
68cdd69480c8d242900a5383,5fadeb340e10471fdeb5fbf5,AWAITING REVIEW,Not Applicable,2025-09-19T22:18:00.249000Z,2025-09-19T22:50:24.380000Z,,2025-09-19T22:50:25.416948Z,1945.0,CMKI4JO9,9390,27,Male,Mixed,United States,United States,United States,English,DATA_EXPIRED,DATA_EXPIRED
68cdd69691a9b1acbb322753,5f504fd2cc049d1cbf29c40d,AWAITING REVIEW,Not Applicable,2025-09-19T22:18:06.948000Z,2025-09-19T22:43:59.477000Z,,2025-09-19T22:43:59.882083Z,1553.0,CMKI4JO9,11531,32,Male,Black,United States,United States,United States,English,DATA_EXPIRED,DATA_EXPIRED
68cdd6a3a08678332d719221,65c1c704b0f57add693f6e52,AWAITING REVIEW,Not Applicable,2025-09-19T22:18:24.711000Z,2025-09-19T22:26:30.743000Z,,2025-09-20T23:41:35.314706Z,487.0,CUN28996,403,44,Female,Black,United States,United States,United States,English,DATA_EXPIRED,DATA_EXPIRED
68cdd6e6a8fd0926f4a6f58c,5c00224bd5b5b60001317eba,AWAITING REVIEW,Not Applicable,2025-09-19T22:19:40.550000Z,2025-09-19T22:45:41.568000Z,,2025-09-19T22:45:41.998785Z,1562.0,CMKI4JO9,574,27,Female,White,United States,United States,United States,English,DATA_EXPIRED,DATA_EXPIRED
68cdd6fccaa1ac93e58277d1,5dd61f689740545c506ee244,SCREENED OUT,Not Applicable,2025-09-19T22:20:37.463000Z,2025-09-19T22:26:30.038000Z,,2025-09-19T22:26:30.310922Z,353.0,CSD7X9S6,5923,44,Female,White,United States,United States,United States,English,No,Full-Time
68cdd715093140101b53a751,65ce44312d4ad7ca12d31bc6,AWAITING REVIEW,Not Applicable,2025-09-19T22:20:16.938000Z,2025-09-19T22:44:10.074000Z,,2025-09-19T22:44:16.357629Z,1434.0,CMKI4JO9,1090,63,Female,White,United States,United States,United States,English,No,"Not in paid work (e.g. homemaker', 'retired or disabled)"
68cdd71f101cf7468b14dc3d,66d3728a3990854e1d6e9939,AWAITING REVIEW,Not Applicable,2025-09-19T22:20:25.844000Z,2025-09-19T22:50:38.146000Z,,2025-09-19T22:50:38.606018Z,1813.0,CMKI4JO9,536,49,Female,Other,United States,United States,United States,English,DATA_EXPIRED,DATA_EXPIRED
68cdd7d431f638c155c4603e,587418895c17910001ea4e75,SCREENED OUT,Not Applicable,2025-09-19T22:23:23.685000Z,2025-09-19T22:29:03.566000Z,,2025-09-19T22:29:03.869884Z,340.0,CSD7X9S6,1569,33,Female,White,United States,United States,United States,English,DATA_EXPIRED,DATA_EXPIRED
68cdd82880c8d242900a53a0,572bcf0d34b25a000edd2cf1,SCREENED OUT,Not Applicable,2025-09-19T22:24:49.304000Z,2025-09-19T22:30:33.906000Z,,2025-09-19T22:30:34.188239Z,345.0,CSD7X9S6,5534,38,Male,White,United States,United States,United States,English,No,Full-Time
68cdd860d8cfc96335167631,66d282830897b77f5b260208,AWAITING REVIEW,Not Applicable,2025-09-19T22:25:41.512000Z,2025-09-19T22:51:46.881000Z,,2025-09-19T22:51:47.301577Z,1566.0,CMKI4JO9,2457,66,Female,White,United States,United States,United States,English,No,Part-Time
68cdd8a16f8e0502fb946c2e,68bb75e3f99a5ad10b5c965a,AWAITING REVIEW,Not Applicable,2025-09-19T22:30:43.794000Z,2025-09-19T23:17:23.549000Z,,2025-09-19T23:17:31.478766Z,2800.0,C1AKEBMQ,43,51,Female,Asian,Korea,United States,Korea,Korean,No,Part-Time
68cdd9645a4bf91ac1b15923,6605e1b08f442bfb7cfa5c2d,AWAITING REVIEW,Not Applicable,2025-09-19T22:30:12.582000Z,2025-09-19T23:12:45.828000Z,,2025-09-19T23:12:46.232304Z,2554.0,C1AKEBMQ,1771,32,Female,Other,United States,United States,United States,English,Yes,Full-Time
68cddab476ae31e782afae25,608bfa04767191aa4d57bfd8,AWAITING REVIEW,Not Applicable,2025-09-19T22:35:36.288000Z,2025-09-19T22:58:05.079000Z,,2025-09-19T22:58:12.123656Z,1349.0,CMKI4JO9,13499,42,Female,White,United States,United States,United States,English,No,Full-Time
68cddbc79dd0085758be9de8,671a49f097ed9a0a68519d16,AWAITING REVIEW,Not Applicable,2025-09-19T22:42:06.076000Z,2025-09-19T23:11:15.969000Z,,2025-09-19T23:11:17.968480Z,1750.0,CMKI4JO9,1548,46,Female,Black,United States,United States,United States,English,DATA_EXPIRED,Unemployed (and job seeking)
68cddbdc1c7f4a8cf3c52e70,66727aa65bcbc9219073d587,SCREENED OUT,Not Applicable,2025-09-19T22:40:58.778000Z,2025-09-19T22:52:48.710000Z,,2025-09-19T22:53:01.825046Z,710.0,CSD7X9S6,2824,51,Female,Black,United States,United States,United States,English,DATA_EXPIRED,Full-Time
68cddbec0a5e89002c187869,5e7a2ccd69a7770604dfb352,SCREENED OUT,Not Applicable,2025-09-19T22:40:53.065000Z,2025-09-19T22:43:57.540000Z,,2025-09-19T22:43:58.245342Z,185.0,CSD7X9S6,10734,52,Female,White,United States,United States,United States,English,No,DATA_EXPIRED
68cddc344aa886faaca4fae2,678e6eb7170e3a5da7c4ab91,SCREENED OUT,Not Applicable,2025-09-19T22:42:50.182000Z,2025-09-19T22:53:01.777000Z,,2025-09-19T22:53:02.855748Z,612.0,CSD7X9S6,3690,72,Female,White,United States,United States,United States,English,DATA_EXPIRED,DATA_EXPIRED
68cddcb2044ab02ebf3f4cfc,66c0f464e0ff62798027b486,AWAITING REVIEW,Not Applicable,2025-09-19T22:44:14.940000Z,2025-09-19T23:11:38.419000Z,,2025-09-19T23:11:40.497808Z,1644.0,C1AKEBMQ,1280,25,Male,Mixed,United States,United States,United States,English,Yes,Unemployed (and job seeking)
68cdd5d6ed5fbfddef8f4b92,647dfaca60dc6f90350e765b,RETURNED,Not Applicable,2025-09-19T22:14:51.939000Z,,,,,,2432,CONSENT_REVOKED,CONSENT_REVOKED,CONSENT_REVOKED,CONSENT_REVOKED,CONSENT_REVOKED,CONSENT_REVOKED,CONSENT_REVOKED,CONSENT_REVOKED,CONSENT_REVOKED
68cdd5e51350d83830a9d714,670dbc335bb9e80f94a636ca,RETURNED,Not Applicable,,,,,,,1917,CONSENT_REVOKED,CONSENT_REVOKED,CONSENT_REVOKED,CONSENT_REVOKED,CONSENT_REVOKED,CONSENT_REVOKED,CONSENT_REVOKED,CONSENT_REVOKED,CONSENT_REVOKED
68cdd5e8c111f84404b2210f,588e02b13326830001bc29cd,RETURNED,Not Applicable,2025-09-19T22:15:30.979000Z,2025-09-19T22:23:01.681000Z,,2025-09-19T22:23:09.111000Z,,CUN28996,5941,CONSENT_REVOKED,CONSENT_REVOKED,CONSENT_REVOKED,CONSENT_REVOKED,CONSENT_REVOKED,CONSENT_REVOKED,CONSENT_REVOKED,CONSENT_REVOKED,CONSENT_REVOKED
68cdd5ea0e7db6b373489dd1,650764c3a197814ab15f8237,RETURNED,Not Applicable,,,,,,,2212,CONSENT_REVOKED,CONSENT_REVOKED,CONSENT_REVOKED,CONSENT_REVOKED,CONSENT_REVOKED,CONSENT_REVOKED,CONSENT_REVOKED,CONSENT_REVOKED,CONSENT_REVOKED
68cdd5f197519ed4f4d6cefd,65172c25c4118007d8a75184,RETURNED,Not Applicable,2025-09-19T22:15:31.386000Z,,,,,,1689,CONSENT_REVOKED,CONSENT_REVOKED,CONSENT_REVOKED,CONSENT_REVOKED,CONSENT_REVOKED,CONSENT_REVOKED,CONSENT_REVOKED,CONSENT_REVOKED,CONSENT_REVOKED
68cdd5f275e6d83f574942f7,67c78fbc58d20f4b7fe41479,RETURNED,Not Applicable,2025-09-19T22:16:39.480000Z,,,,,,1410,CONSENT_REVOKED,CONSENT_REVOKED,CONSENT_REVOKED,CONSENT_REVOKED,CONSENT_REVOKED,CONSENT_REVOKED,CONSENT_REVOKED,CONSENT_REVOKED,CONSENT_REVOKED
68cdd5f4b379455eebaff672,6643cfc6878e4f517c10e69c,RETURNED,Not Applicable,2025-09-19T22:15:21.067000Z,,,,,,885,CONSENT_REVOKED,CONSENT_REVOKED,CONSENT_REVOKED,CONSENT_REVOKED,CONSENT_REVOKED,CONSENT_REVOKED,CONSENT_REVOKED,CONSENT_REVOKED,CONSENT_REVOKED
68cdd5f52e4472f8a9e84b09,62cbf51439a76e8fccd8a495,RETURNED,Not Applicable,2025-09-19T22:15:30.495000Z,,,,,,10059,CONSENT_REVOKED,CONSENT_REVOKED,CONSENT_REVOKED,CONSENT_REVOKED,CONSENT_REVOKED,CONSENT_REVOKED,CONSENT_REVOKED,CONSENT_REVOKED,CONSENT_REVOKED
68cdd6005bcf72bb41bdc275,67ec9fc858f4594fd069d5ff,RETURNED,Not Applicable,2025-09-19T22:15:53.635000Z,,,,,,872,CONSENT_REVOKED,CONSENT_REVOKED,CONSENT_REVOKED,CONSENT_REVOKED,CONSENT_REVOKED,CONSENT_REVOKED,CONSENT_REVOKED,CONSENT_REVOKED,CONSENT_REVOKED
68cdd6043e17fe21b54f1641,5f0a7dec44c42c19a6c9f6d9,RETURNED,Not Applicable,2025-09-19T22:15:37.157000Z,,,,,,5866,CONSENT_REVOKED,CONSENT_REVOKED,CONSENT_REVOKED,CONSENT_REVOKED,CONSENT_REVOKED,CONSENT_REVOKED,CONSENT_REVOKED,CONSENT_REVOKED,CONSENT_REVOKED
68cdd60fe3567f0686764482,611e6704567a73202f78bef7,RETURNED,Not Applicable,2025-09-19T22:15:50.985000Z,,,,,,6935,CONSENT_REVOKED,CONSENT_REVOKED,CONSENT_REVOKED,CONSENT_REVOKED,CONSENT_REVOKED,CONSENT_REVOKED,CONSENT_REVOKED,CONSENT_REVOKED,CONSENT_REVOKED
68cdd62933dfde4beca33c3d,60e9e8092cfc1f464753dd71,RETURNED,Not Applicable,2025-09-19T22:16:14.806000Z,,,,,,10771,CONSENT_REVOKED,CONSENT_REVOKED,CONSENT_REVOKED,CONSENT_REVOKED,CONSENT_REVOKED,CONSENT_REVOKED,CONSENT_REVOKED,CONSENT_REVOKED,CONSENT_REVOKED
68cdd670abdd12ea961ed7c8,6400f14b24ac2b910c9f2d93,RETURNED,Not Applicable,2025-09-19T22:17:26.623000Z,,,,,,3638,CONSENT_REVOKED,CONSENT_REVOKED,CONSENT_REVOKED,CONSENT_REVOKED,CONSENT_REVOKED,CONSENT_REVOKED,CONSENT_REVOKED,CONSENT_REVOKED,CONSENT_REVOKED
68cdd6753906d4eeac55cb67,6480bdf6d433e2e158870605,RETURNED,Not Applicable,2025-09-19T22:17:31.362000Z,2025-09-19T22:24:32.458000Z,,2025-09-19T22:24:32.979000Z,,CUN28996,7503,CONSENT_REVOKED,CONSENT_REVOKED,CONSENT_REVOKED,CONSENT_REVOKED,CONSENT_REVOKED,CONSENT_REVOKED,CONSENT_REVOKED,CONSENT_REVOKED,CONSENT_REVOKED
68cdd6e73055d1789273ec60,63026053812fe400f2929701,RETURNED,Not Applicable,,,,,,,4054,CONSENT_REVOKED,CONSENT_REVOKED,CONSENT_REVOKED,CONSENT_REVOKED,CONSENT_REVOKED,CONSENT_REVOKED,CONSENT_REVOKED,CONSENT_REVOKED,CONSENT_REVOKED
68cdd6f1e9300fe87ab9e1f2,6726ae14a783520d944f2951,RETURNED,Not Applicable,2025-09-19T22:19:48.159000Z,,,,,,935,CONSENT_REVOKED,CONSENT_REVOKED,CONSENT_REVOKED,CONSENT_REVOKED,CONSENT_REVOKED,CONSENT_REVOKED,CONSENT_REVOKED,CONSENT_REVOKED,CONSENT_REVOKED
68cdd848b3e17d1e71d62e85,643bd22e67aeded15060e447,RETURNED,Not Applicable,2025-09-19T22:25:17.760000Z,,,,,,7107,CONSENT_REVOKED,CONSENT_REVOKED,CONSENT_REVOKED,CONSENT_REVOKED,CONSENT_REVOKED,CONSENT_REVOKED,CONSENT_REVOKED,CONSENT_REVOKED,CONSENT_REVOKED
68cddb90712f70878fa18833,5dd7d4d5d3ac2a92dfbb40d5,RETURNED,Not Applicable,2025-09-19T22:40:08.131000Z,,,,,,3767,CONSENT_REVOKED,CONSENT_REVOKED,CONSENT_REVOKED,CONSENT_REVOKED,CONSENT_REVOKED,CONSENT_REVOKED,CONSENT_REVOKED,CONSENT_REVOKED,CONSENT_REVOKED
68cddc1d9cd38a6ca1816559,66ecc08c3776b48ca41138ac,RETURNED,Not Applicable,,,,,,,1867,CONSENT_REVOKED,CONSENT_REVOKED,CONSENT_REVOKED,CONSENT_REVOKED,CONSENT_REVOKED,CONSENT_REVOKED,CONSENT_REVOKED,CONSENT_REVOKED,CONSENT_REVOKED
68cddc4edc5b381a9f16a0bd,5da8edc60f9c9c0017526948,RETURNED,Not Applicable,2025-09-19T22:42:29.813000Z,,,,,,6861,CONSENT_REVOKED,CONSENT_REVOKED,CONSENT_REVOKED,CONSENT_REVOKED,CONSENT_REVOKED,CONSENT_REVOKED,CONSENT_REVOKED,CONSENT_REVOKED,CONSENT_REVOKED
68cddcac00ddd9d736cfec74,673276b17430c6ece3a6d874,RETURNED,Not Applicable,,,,,,,2503,CONSENT_REVOKED,CONSENT_REVOKED,CONSENT_REVOKED,CONSENT_REVOKED,CONSENT_REVOKED,CONSENT_REVOKED,CONSENT_REVOKED,CONSENT_REVOKED,CONSENT_REVOKED
